,age,salary,experience,performance
count,10.0,10.0,10.0,10.0
mean,1.1102230246251566e-17,4.163336342344337e-17,-3.3306690738754695e-17,81.2
std,1.0540925533894598,1.0540925533894598,1.0540925533894596,9.919677414109795
min,-1.4680505487867588,-1.6938610939675909,-1.1522645938209335,65.0
25%,-0.6973240106737104,-0.574510211807479,-0.6363252234533515,75.5
50%,-0.2202075823180138,-0.2373563316387706,-0.3783555382695603,80.0
75%,0.7340252743933794,0.679702222420116,0.5675333074043405,89.5
max,1.7616606585441106,1.812539259786976,2.115351418507087,95.0
